-- FortifAIWalls
-- Author: Fampat, thanks and credits to thecrazyscotsman
-- Grants all AI build-cities walls, castles and star-forts (depends on era)
----------------------------------------------------------------------------

--=====
--TYPES
--=====
INSERT INTO Types (Type, Kind)
	VALUES
		('FAIW_CIV_GRANT_WALLS_IN_CITY', 'KIND_MODIFIER');

--=================
--DYNAMIC MODIFIERS
--=================		
INSERT INTO DynamicModifiers (ModifierType, CollectionType, EffectType)
	VALUES
		('FAIW_CIV_GRANT_WALLS_IN_CITY', 'COLLECTION_PLAYER_CITIES', 'EFFECT_GRANT_BUILDING_IN_CITY_IGNORE');

--=========
--MODIFIERS
--=========
INSERT INTO Modifiers (ModifierId, ModifierType, OwnerRequirementSetId, SubjectRequirementSetId, Permanent)	
	VALUES
		('FAIW_CIV_MINOR_FREE_ANCIENT_WALLS', 'FAIW_CIV_GRANT_WALLS_IN_CITY', NULL, 'FAIW_CIV_MINOR_IN_ANCIENT_ERA', 1),
		('FAIW_CIV_FREE_ANCIENT_WALLS', 'FAIW_CIV_GRANT_WALLS_IN_CITY', NULL, 'FAIW_CIV_IN_ANCIENT_ERA', 1),
		('FAIW_CIV_FREE_MEDIEVAL_WALLS', 'FAIW_CIV_GRANT_WALLS_IN_CITY', NULL, 'FAIW_CIV_IN_MEDIEVAL_ERA', 1),
		('FAIW_CIV_FREE_RENAISSANCE_WALLS', 'FAIW_CIV_GRANT_WALLS_IN_CITY', NULL, 'FAIW_CIV_IN_RENAISSANCE_ERA', 1);

--==================
--MODIFIER ARGUMENTS
--==================
INSERT INTO ModifierArguments (ModifierId, Name, Value)
	VALUES
		('FAIW_CIV_MINOR_FREE_ANCIENT_WALLS', 'BuildingType', 'BUILDING_WALLS'),
		('FAIW_CIV_FREE_ANCIENT_WALLS', 'BuildingType', 'BUILDING_WALLS'),
		('FAIW_CIV_FREE_MEDIEVAL_WALLS', 'BuildingType', 'BUILDING_CASTLE'),
		('FAIW_CIV_FREE_RENAISSANCE_WALLS', 'BuildingType', 'BUILDING_STAR_FORT');
		
--===============
--TRAIT MODIFIERS
--===============
INSERT INTO TraitModifiers (TraitType, ModifierId)
	VALUES
		('TRAIT_LEADER_MAJOR_CIV', 'FAIW_CIV_FREE_ANCIENT_WALLS'),
		('TRAIT_LEADER_MAJOR_CIV', 'FAIW_CIV_FREE_MEDIEVAL_WALLS'),
		('TRAIT_LEADER_MAJOR_CIV', 'FAIW_CIV_FREE_RENAISSANCE_WALLS'),
		('MINOR_CIV_DEFAULT_TRAIT', 'FAIW_CIV_MINOR_FREE_ANCIENT_WALLS'),
		('MINOR_CIV_DEFAULT_TRAIT', 'FAIW_CIV_FREE_MEDIEVAL_WALLS'),
		('MINOR_CIV_DEFAULT_TRAIT', 'FAIW_CIV_FREE_RENAISSANCE_WALLS');
		
--============
--REQUIREMENTS
--============
INSERT INTO RequirementSets (RequirementSetId, RequirementSetType)
	VALUES
		('FAIW_CIV_MINOR_IN_ANCIENT_ERA', 'REQUIREMENTSET_TEST_ALL'),
		('FAIW_CIV_IN_ANCIENT_ERA', 'REQUIREMENTSET_TEST_ALL'),
		('FAIW_CIV_IN_MEDIEVAL_ERA', 'REQUIREMENTSET_TEST_ALL'),
		('FAIW_CIV_IN_RENAISSANCE_ERA', 'REQUIREMENTSET_TEST_ALL');

INSERT INTO RequirementSetRequirements (RequirementSetId, RequirementId)
	VALUES
		('FAIW_CIV_MINOR_IN_ANCIENT_ERA', 'FAIW_REQUIRES_CIV_CITY_HAS_3_POPS'),
		('FAIW_CIV_MINOR_IN_ANCIENT_ERA', 'REQUIRES_PLAYER_IS_AI'),
		('FAIW_CIV_IN_ANCIENT_ERA', 'FAIW_REQUIRES_CIV_CITY_HAS_5_POPS'),
		('FAIW_CIV_IN_ANCIENT_ERA', 'REQUIRES_PLAYER_IS_AI'),
		('FAIW_CIV_IN_MEDIEVAL_ERA', 'FAIW_REQUIRES_CIV_CITY_HAS_5_POPS'),
		('FAIW_CIV_IN_MEDIEVAL_ERA', 'FAIW_REQUIRES_CIV_IN_MEDIEVAL_ERA'),
		('FAIW_CIV_IN_MEDIEVAL_ERA', 'REQUIRES_PLAYER_IS_AI'),
		('FAIW_CIV_IN_RENAISSANCE_ERA', 'FAIW_REQUIRES_CIV_CITY_HAS_7_POPS'),
		('FAIW_CIV_IN_RENAISSANCE_ERA', 'FAIW_REQUIRES_CIV_IN_RENAISSANCE_ERA'),
		('FAIW_CIV_IN_RENAISSANCE_ERA', 'REQUIRES_PLAYER_IS_AI');
		
INSERT INTO Requirements (RequirementId, RequirementType)
	VALUES
		('FAIW_REQUIRES_CIV_CITY_HAS_3_POPS', 'REQUIREMENT_CITY_HAS_X_POPULATION'),
		('FAIW_REQUIRES_CIV_CITY_HAS_5_POPS', 'REQUIREMENT_CITY_HAS_X_POPULATION'),
		('FAIW_REQUIRES_CIV_CITY_HAS_7_POPS', 'REQUIREMENT_CITY_HAS_X_POPULATION'),
		('FAIW_REQUIRES_CIV_IN_MEDIEVAL_ERA', 'REQUIREMENT_PLAYER_ERA_AT_LEAST'),
		('FAIW_REQUIRES_CIV_IN_RENAISSANCE_ERA', 'REQUIREMENT_PLAYER_ERA_AT_LEAST');

INSERT INTO RequirementArguments (RequirementId, Name, Value)
	VALUES
		('FAIW_REQUIRES_CIV_CITY_HAS_3_POPS', 'Amount', 3),
		('FAIW_REQUIRES_CIV_CITY_HAS_5_POPS', 'Amount', 5),
		('FAIW_REQUIRES_CIV_CITY_HAS_7_POPS', 'Amount', 7),
		('FAIW_REQUIRES_CIV_IN_MEDIEVAL_ERA', 'EraType', 'ERA_MEDIEVAL'),
		('FAIW_REQUIRES_CIV_IN_RENAISSANCE_ERA', 'EraType', 'ERA_RENAISSANCE');