-- FortifStratResDiscountAI
-- AI get discount on strategic resource needs for units
--------------------------------------------------------

--=====
--TYPES
--=====
INSERT INTO Types (Type, Kind)
	VALUES
		('FAIW_CIV_GRANT_STRAT_RES_DISCOUNT_IN_CITIES', 'KIND_MODIFIER'),
		('FAIW_CIV_GRANT_STRAT_RES_DISCOUNT_UPGRADE_UNITS', 'KIND_MODIFIER'),
		('FAIW_GOV_GRANT_STRAT_RES_DISCOUNT_IN_CITIES', 'KIND_MODIFIER'),
		('FAIW_GOV_GRANT_STRAT_RES_DISCOUNT_UPGRADE_UNITS', 'KIND_MODIFIER');

--===========================
--GOVENOR PROMOTION MODIFIERS
--===========================		
INSERT INTO GovernorPromotionModifiers (GovernorPromotionType, ModifierId)
	VALUES
		('GOVERNOR_PROMOTION_RESOURCE_MANAGER_BLACK_MARKETEER', 'FAIW_GOV_BLACK_MARKET_STRAT_RES_DISCOUNT_CITIES'),
		('GOVERNOR_PROMOTION_RESOURCE_MANAGER_BLACK_MARKETEER', 'FAIW_GOV_BLACK_MARKET_STRAT_RES_DISCOUNT_UNITS');


--=================
--DYNAMIC MODIFIERS
--=================		
INSERT INTO DynamicModifiers (ModifierType, CollectionType, EffectType)
	VALUES
		('FAIW_CIV_GRANT_STRAT_RES_DISCOUNT_IN_CITIES', 'COLLECTION_PLAYER_CITIES', 'EFFECT_ADJUST_CITY_STRATEGIC_RESOURCE_REQUIREMENT_MODIFIER'),
		('FAIW_CIV_GRANT_STRAT_RES_DISCOUNT_UPGRADE_UNITS', 'COLLECTION_OWNER', 'EFFECT_ADJUST_PLAYER_UNIT_UPGRADE_RESOURCE_COST_DISCOUNT'),
		('FAIW_GOV_GRANT_STRAT_RES_DISCOUNT_IN_CITIES', 'COLLECTION_OWNER', 'EFFECT_ADJUST_CITY_STRATEGIC_RESOURCE_REQUIREMENT_MODIFIER'),
		('FAIW_GOV_GRANT_STRAT_RES_DISCOUNT_UPGRADE_UNITS', 'COLLECTION_OWNER', 'EFFECT_ADJUST_PLAYER_UNIT_UPGRADE_RESOURCE_COST_DISCOUNT');

--=========
--MODIFIERS
--=========
INSERT INTO Modifiers (ModifierId, ModifierType, OwnerRequirementSetId, SubjectRequirementSetId, Permanent)	
	VALUES
		('FAIW_CIV_MINOR_STRAT_RES_DISCOUNT_CITY', 'FAIW_CIV_GRANT_STRAT_RES_DISCOUNT_IN_CITIES', NULL, 'FAIW_CIV_MINOR', 1),
		('FAIW_CIV_MINOR_STRAT_RES_DISCOUNT_UNIT', 'FAIW_CIV_GRANT_STRAT_RES_DISCOUNT_UPGRADE_UNITS', NULL, 'FAIW_CIV_MINOR', 1),
		('FAIW_CIV_MAJOR_STRAT_RES_DISCOUNT_CITY', 'FAIW_CIV_GRANT_STRAT_RES_DISCOUNT_IN_CITIES', NULL, 'FAIW_CIV_MAJOR', 1),
		('FAIW_CIV_MAJOR_STRAT_RES_DISCOUNT_UNIT', 'FAIW_CIV_GRANT_STRAT_RES_DISCOUNT_UPGRADE_UNITS', NULL, 'FAIW_CIV_MAJOR', 1),
		('FAIW_GOV_BLACK_MARKET_STRAT_RES_DISCOUNT_CITIES', 'FAIW_GOV_GRANT_STRAT_RES_DISCOUNT_IN_CITIES', NULL, 'FAIW_CIV_MAJOR', 0),		
		('FAIW_GOV_BLACK_MARKET_STRAT_RES_DISCOUNT_UNITS', 'FAIW_GOV_GRANT_STRAT_RES_DISCOUNT_UPGRADE_UNITS', NULL, 'FAIW_CIV_MAJOR', 0);	
		
--==================
--MODIFIER ARGUMENTS
--==================
INSERT INTO ModifierArguments (ModifierId, Name, Value)
	VALUES
		('FAIW_CIV_MINOR_STRAT_RES_DISCOUNT_CITY', 'Amount', '50'),
		('FAIW_CIV_MINOR_STRAT_RES_DISCOUNT_UNIT', 'Amount', '50'),
		('FAIW_CIV_MAJOR_STRAT_RES_DISCOUNT_CITY', 'Amount', '50'),
		('FAIW_CIV_MAJOR_STRAT_RES_DISCOUNT_UNIT', 'Amount', '50'),
		('FAIW_GOV_BLACK_MARKET_STRAT_RES_DISCOUNT_CITIES', 'Amount', '90'),
		('FAIW_GOV_BLACK_MARKET_STRAT_RES_DISCOUNT_UNITS', 'Amount', '90');
		
--===============
--TRAIT MODIFIERS
--===============
INSERT INTO TraitModifiers (TraitType, ModifierId)
	VALUES
		('MINOR_CIV_DEFAULT_TRAIT', 'FAIW_CIV_MINOR_STRAT_RES_DISCOUNT_CITY'),
		('MINOR_CIV_DEFAULT_TRAIT', 'FAIW_CIV_MINOR_STRAT_RES_DISCOUNT_UNIT'),
		('TRAIT_LEADER_MAJOR_CIV', 'FAIW_CIV_MAJOR_STRAT_RES_DISCOUNT_CITY'),
		('TRAIT_LEADER_MAJOR_CIV', 'FAIW_CIV_MAJOR_STRAT_RES_DISCOUNT_UNIT');
		
--============
--REQUIREMENTS
--============
INSERT INTO RequirementSets (RequirementSetId, RequirementSetType)
	VALUES
		('FAIW_CIV_MINOR', 'REQUIREMENTSET_TEST_ALL'),
		('FAIW_CIV_MAJOR', 'REQUIREMENTSET_TEST_ALL');

INSERT INTO RequirementSetRequirements (RequirementSetId, RequirementId)
	VALUES
		('FAIW_CIV_MINOR', 'REQUIRES_PLAYER_IS_AI'),
		('FAIW_CIV_MAJOR', 'REQUIRES_PLAYER_IS_AI');
